t	v	isi	g	mod	subj	cond	nagr10
9.537	0.332		8.0	v	0	0	
17.354	0.243	7.816999999999998	8.0	v	0	0	1.0
25.094	0.23800000000000002	7.740000000000002	8.0	v	0	0	2.0
32.211	0.298	7.116999999999997	8.0	v	0	0	2.0
39.839	0.253	7.628	8.0	v	0	0	2.0
46.309	0.247	6.469999999999999	8.0	v	0	0	2.0
53.349	0.264	7.039999999999999	8.0	v	0	0	2.0
60.305	0.228	6.956000000000003	8.0	v	0	0	2.0
66.808	0.285	6.503000000000007	4.0	v	0	0	2.0
70.725	0.20800000000000002	3.9169999999999874	4.0	v	0	0	2.0
74.79899999999999	0.782	4.073999999999998	4.0	v	0	0	3.0
78.207	0.27699999999999997	3.4080000000000013	4.0	v	0	0	3.0
82.301	0.24	4.094000000000008	4.0	v	0	0	3.0
86.65700000000001	0.252	4.356000000000009	4.0	v	0	0	3.0
90.944	0.237	4.286999999999992	4.0	v	0	0	3.0
94.87	0.271	3.926000000000002	4.0	v	0	0	3.0
99.37200000000001	0.281	4.5020000000000095	2.0	v	0	0	3.0
101.47	0.287	2.0979999999999848	2.0	v	0	0	3.0
103.47	0.239	2.0	2.0	v	0	0	4.0
105.859	0.25	2.388999999999996	2.0	v	0	0	4.0
107.654	0.231	1.7950000000000017	2.0	v	0	0	5.0
109.95	0.142	2.2960000000000065	2.0	v	0	0	5.0
111.68799999999999	0.268	1.7379999999999853	2.0	v	0	0	5.0
113.85799999999999	0.23399999999999999	2.1700000000000017	2.0	v	0	0	5.0
124.36	0.301	10.50200000000001	8.0	a	0	0	1.0
132.616	0.268	8.256000000000014	8.0	a	0	0	2.0
139.627	0.226	7.010999999999996	8.0	a	0	0	2.0
146.841	0.21899999999999997	7.213999999999999	8.0	a	0	0	2.0
156.439	0.23	9.597999999999985	8.0	a	0	0	2.0
164.40599999999998	0.28600000000000003	7.9669999999999845	8.0	a	0	0	2.0
173.93400000000003	0.215	9.528000000000048	8.0	a	0	0	2.0
183.39	0.28600000000000003	9.45599999999996	8.0	a	0	0	2.0
189.892	0.297	6.5020000000000095	4.0	a	0	0	2.0
193.649	0.308	3.757000000000005	4.0	a	0	0	2.0
197.666	0.19399999999999998	4.016999999999996	4.0	a	0	0	3.0
201.715	0.226	4.049000000000007	4.0	a	0	0	3.0
205.27	0.28600000000000003	3.555000000000007	4.0	a	0	0	3.0
209.53	0.267	4.259999999999991	4.0	a	0	0	3.0
214.12900000000002	0.252	4.599000000000018	4.0	a	0	0	3.0
218.342	0.294	4.212999999999994	4.0	a	0	0	3.0
222.84400000000002	0.264	4.5020000000000095	2.0	a	0	0	3.0
224.755	0.298	1.910999999999973	2.0	a	0	0	3.0
226.77200000000002	0.225	2.0170000000000243	2.0	a	0	0	4.0
228.918	0.231	2.1459999999999866	2.0	a	0	0	4.0
230.65900000000002	0.233	1.7410000000000139	2.0	a	0	0	5.0
232.295	0.221	1.6359999999999673	2.0	a	0	0	6.0
234.155	0.129	1.8600000000000136	2.0	a	0	0	6.0
236.081	0.204	1.9259999999999877	2.0	a	0	0	6.0
9.532	0.377		8.0	v	0	lect	
18.514	0.243	8.982	8.0	v	0	lect	1.0
28.101	0.255	9.587	8.0	v	0	lect	2.0
34.814	0.223	6.713000000000001	8.0	v	0	lect	2.0
42.49100000000001	0.281	7.677000000000007	8.0	v	0	lect	2.0
50.593999999999994	0.268	8.102999999999987	8.0	v	0	lect	2.0
57.871	0.262	7.277000000000008	8.0	v	0	lect	2.0
66.082	0.243	8.210999999999991	8.0	v	0	lect	2.0
72.585	0.316	6.503	4.0	v	0	lect	2.0
77.089	0.26	4.504000000000005	4.0	v	0	lect	2.0
81.572	0.28	4.483000000000004	4.0	v	0	lect	3.0
85.962	0.251	4.390000000000001	4.0	v	0	lect	3.0
90.73	0.22699999999999998	4.768000000000001	4.0	v	0	lect	3.0
94.588	0.22399999999999998	3.85799999999999	4.0	v	0	lect	3.0
97.93299999999999	0.239	3.344999999999999	4.0	v	0	lect	3.0
102.556		4.623000000000005	4.0	v	0	lect	3.0
107.059		4.503	2.0	v	0	lect	3.0
109.15	0.278	2.091000000000008	2.0	v	0	lect	3.0
111.0	0.33299999999999996	1.8499999999999943	2.0	v	0	lect	4.0
113.37	0.259	2.3700000000000045	2.0	v	0	lect	4.0
115.419	0.24100000000000002	2.0489999999999924	2.0	v	0	lect	5.0
117.73299999999999	0.231	2.313999999999993	2.0	v	0	lect	5.0
120.037	0.231	2.3040000000000163	2.0	v	0	lect	5.0
122.089	0.244	2.0519999999999925	2.0	v	0	lect	5.0
132.591	0.318	10.50200000000001	8.0	a	0	lect	1.0
141.11700000000002	0.256	8.52600000000001	8.0	a	0	lect	2.0
150.556	0.249	9.438999999999993	8.0	a	0	lect	2.0
157.717	0.272	7.161000000000001	8.0	a	0	lect	2.0
167.22099999999998	0.20800000000000002	9.503999999999962	8.0	a	0	lect	2.0
175.386	0.307	8.16500000000002	8.0	a	0	lect	2.0
183.313	0.22	7.9269999999999925	8.0	a	0	lect	2.0
190.144	0.42100000000000004	6.831000000000017	8.0	a	0	lect	2.0
196.646	0.287	6.501999999999981	4.0	a	0	lect	2.0
200.771	0.257	4.125	4.0	a	0	lect	2.0
204.704	0.268	3.933000000000021	4.0	a	0	lect	3.0
208.955	0.218	4.251000000000005	4.0	a	0	lect	3.0
212.955	0.23399999999999999	4.0	4.0	a	0	lect	3.0
216.454	0.28600000000000003	3.4989999999999952	4.0	a	0	lect	3.0
220.115	0.218	3.6610000000000014	4.0	a	0	lect	3.0
224.09	0.226	3.9749999999999943	4.0	a	0	lect	3.0
228.592	0.221	4.5020000000000095	2.0	a	0	lect	3.0
230.678	0.295	2.0859999999999843	2.0	a	0	lect	3.0
232.735	0.20600000000000002	2.0570000000000164	2.0	a	0	lect	4.0
234.97	0.20199999999999999	2.234999999999985	2.0	a	0	lect	4.0
237.206	0.214	2.23599999999999	2.0	a	0	lect	5.0
239.293	0.231	2.0870000000000175	2.0	a	0	lect	5.0
241.543	0.141	2.25	2.0	a	0	lect	5.0
243.78400000000002	0.237	2.241000000000014	2.0	a	0	lect	5.0
9.552999999999999	0.541		8.0	v	1	0	
17.703	0.47700000000000004	8.15	8.0	v	1	0	1.0
26.26	0.4	8.557000000000002	8.0	v	1	0	2.0
33.574	0.47	7.3139999999999965	8.0	v	1	0	2.0
40.146	0.37799999999999995	6.572000000000003	8.0	v	1	0	2.0
47.004	0.312	6.857999999999997	8.0	v	1	0	2.0
55.106	0.363	8.102000000000004	8.0	v	1	0	2.0
64.042		8.936	8.0	v	1	0	2.0
70.545	0.387	6.503	4.0	v	1	0	2.0
75.316	0.377	4.771000000000001	4.0	v	1	0	2.0
78.98899999999999	0.35100000000000003	3.6729999999999876	4.0	v	1	0	3.0
82.557	0.335	3.568000000000012	4.0	v	1	0	3.0
86.417	0.324	3.8599999999999994	4.0	v	1	0	3.0
90.846	0.342	4.429000000000002	4.0	v	1	0	3.0
94.69200000000001	0.408	3.8460000000000036	4.0	v	1	0	3.0
99.414	0.358	4.721999999999994	4.0	v	1	0	3.0
103.916	0.401	4.501999999999995	2.0	v	1	0	3.0
105.735	0.389	1.8190000000000026	2.0	v	1	0	3.0
107.359	0.33299999999999996	1.6239999999999952	2.0	v	1	0	4.0
109.081	0.379	1.7220000000000084	2.0	v	1	0	5.0
111.323	0.305	2.2419999999999902	2.0	v	1	0	5.0
113.64	0.284	2.3170000000000073	2.0	v	1	0	6.0
115.48299999999999	0.305	1.8429999999999893	2.0	v	1	0	6.0
117.094	0.405	1.6110000000000042	2.0	v	1	0	6.0
127.596	0.424	10.50200000000001	8.0	a	1	0	1.0
135.696	0.42200000000000004	8.099999999999994	8.0	a	1	0	2.0
143.10299999999998	0.39799999999999996	7.406999999999982	8.0	a	1	0	2.0
151.116	0.32	8.013000000000034	8.0	a	1	0	2.0
159.01	0.37	7.893999999999977	8.0	a	1	0	2.0
166.65599999999998	0.38	7.645999999999987	8.0	a	1	0	2.0
175.75	0.326	9.094000000000023	8.0	a	1	0	2.0
184.78400000000002	0.452	9.03400000000002	8.0	a	1	0	2.0
191.28599999999997	0.342	6.501999999999953	4.0	a	1	0	2.0
194.608	0.34	3.322000000000031	4.0	a	1	0	3.0
197.947	0.36200000000000004	3.3389999999999986	4.0	a	1	0	3.0
201.90599999999998	0.306	3.9589999999999748	4.0	a	1	0	3.0
206.113	0.307	4.207000000000022	4.0	a	1	0	3.0
210.092	0.321	3.9790000000000134	4.0	a	1	0	3.0
213.342	0.35	3.25	4.0	a	1	0	3.0
218.02	0.376	4.677999999999997	4.0	a	1	0	3.0
222.52200000000002	0.386	4.5020000000000095	2.0	a	1	0	3.0
224.535	0.66	2.012999999999977	2.0	a	1	0	3.0
226.87900000000002	0.33299999999999996	2.3440000000000225	2.0	a	1	0	4.0
228.74	0.304	1.86099999999999	2.0	a	1	0	4.0
230.513	0.29100000000000004	1.7729999999999961	2.0	a	1	0	5.0
232.33	0.34600000000000003	1.8170000000000073	2.0	a	1	0	6.0
234.245	0.319	1.914999999999992	2.0	a	1	0	6.0
236.30900000000003	0.335	2.0640000000000214	2.0	a	1	0	6.0
9.527999999999999	0.46799999999999997		8.0	v	1	lect	
18.892		9.364	8.0	v	1	lect	1.0
27.734	0.47	8.842000000000002	8.0	v	1	lect	2.0
34.964	0.695	7.229999999999997	8.0	v	1	lect	2.0
43.668	0.927	8.704	8.0	v	1	lect	2.0
50.458999999999996	0.44799999999999995	6.790999999999997	8.0	v	1	lect	2.0
59.961000000000006	0.547	9.50200000000001	8.0	v	1	lect	2.0
67.437	0.42200000000000004	7.475999999999992	8.0	v	1	lect	2.0
73.94	0.583	6.503	4.0	v	1	lect	2.0
78.42	0.527	4.480000000000004	4.0	v	1	lect	2.0
82.964	0.40700000000000003	4.543999999999997	4.0	v	1	lect	3.0
87.374		4.409999999999997	4.0	v	1	lect	3.0
90.916		3.5420000000000016	4.0	v	1	lect	3.0
94.525	0.39799999999999996	3.609000000000009	4.0	v	1	lect	3.0
99.13	0.41700000000000004	4.60499999999999	4.0	v	1	lect	3.0
103.779	0.456	4.649000000000001	4.0	v	1	lect	3.0
108.281	0.555	4.5020000000000095	2.0	v	1	lect	3.0
110.27799999999999	0.493	1.9969999999999857	2.0	v	1	lect	3.0
111.88	0.42700000000000005	1.6020000000000039	2.0	v	1	lect	4.0
113.521	0.33799999999999997	1.6410000000000053	2.0	v	1	lect	5.0
115.855	0.332	2.334000000000003	2.0	v	1	lect	5.0
117.63	0.373	1.7749999999999915	2.0	v	1	lect	6.0
119.35799999999999	0.342	1.7279999999999944	2.0	v	1	lect	6.0
121.541	0.414	2.183000000000007	2.0	v	1	lect	6.0
132.043	0.43200000000000005	10.50200000000001	8.0	a	1	lect	1.0
140.047	0.436	8.00399999999999	8.0	a	1	lect	2.0
146.888	0.42700000000000005	6.841000000000008	8.0	a	1	lect	2.0
154.454	0.365	7.5660000000000025	8.0	a	1	lect	2.0
161.916	0.431	7.461999999999989	8.0	a	1	lect	2.0
170.199	0.532	8.283000000000015	8.0	a	1	lect	2.0
177.75400000000002	0.369	7.555000000000007	8.0	a	1	lect	2.0
186.128	0.41100000000000003	8.373999999999967	8.0	a	1	lect	2.0
192.63	0.518	6.5020000000000095	4.0	a	1	lect	2.0
196.88	0.32299999999999995	4.25	4.0	a	1	lect	2.0
201.243	0.4	4.3629999999999995	4.0	a	1	lect	3.0
204.725	0.415	3.4819999999999993	4.0	a	1	lect	3.0
208.303	0.47600000000000003	3.578000000000003	4.0	a	1	lect	3.0
211.537	0.418	3.234000000000009	4.0	a	1	lect	3.0
214.89700000000002	0.45799999999999996	3.3600000000000136	4.0	a	1	lect	3.0
218.382	0.541	3.484999999999985	4.0	a	1	lect	3.0
222.88400000000001	0.56	4.5020000000000095	2.0	a	1	lect	3.0
224.91299999999998	0.386	2.028999999999968	2.0	a	1	lect	3.0
226.90099999999998	0.359	1.9879999999999995	2.0	a	1	lect	4.0
228.618	0.465	1.717000000000013	2.0	a	1	lect	4.0
230.541	0.326	1.9230000000000018	2.0	a	1	lect	5.0
232.43	0.381	1.88900000000001	2.0	a	1	lect	6.0
234.169	0.41	1.7390000000000043	2.0	a	1	lect	6.0
235.877	0.414	1.7079999999999984	2.0	a	1	lect	6.0
9.555	0.301		8.0	v	3	0	
16.77	0.275	7.215	8.0	v	3	0	1.0
25.453000000000003	0.248	8.683000000000003	8.0	v	3	0	2.0
33.178000000000004	0.275	7.725000000000001	8.0	v	3	0	2.0
42.523	0.292	9.344999999999999	8.0	v	3	0	2.0
49.474	0.29	6.950999999999993	8.0	v	3	0	2.0
58.736000000000004	0.23800000000000002	9.262000000000008	8.0	v	3	0	2.0
66.072	0.251	7.3359999999999985	8.0	v	3	0	2.0
72.58800000000001	0.28800000000000003	6.516000000000005	4.0	v	3	0	2.0
76.116	0.425	3.5279999999999916	4.0	v	3	0	2.0
80.32300000000001	0.242	4.207000000000008	4.0	v	3	0	3.0
84.955	0.251	4.631999999999991	4.0	v	3	0	3.0
88.52799999999999	0.245	3.5729999999999933	4.0	v	3	0	3.0
92.205	0.28	3.6770000000000067	4.0	v	3	0	3.0
95.443	0.25	3.2379999999999995	4.0	v	3	0	3.0
99.225	0.23600000000000002	3.7819999999999965	4.0	v	3	0	3.0
103.73899999999999	0.28300000000000003	4.513999999999996	2.0	v	3	0	3.0
105.73	0.42	1.9910000000000139	2.0	v	3	0	3.0
107.55	0.287	1.8199999999999932	2.0	v	3	0	4.0
109.68799999999999	0.27699999999999997	2.137999999999991	2.0	v	3	0	4.0
111.43700000000001	0.336	1.7490000000000236	2.0	v	3	0	5.0
113.823	0.254	2.3859999999999815	2.0	v	3	0	5.0
115.671	0.244	1.8480000000000132	2.0	v	3	0	6.0
117.64399999999999	0.233	1.9729999999999848	2.0	v	3	0	5.0
128.155	0.28300000000000003	10.51100000000001	8.0	a	3	0	1.0
136.029	0.255	7.873999999999995	8.0	a	3	0	2.0
143.47799999999998	0.256	7.448999999999984	8.0	a	3	0	2.0
152.805	0.312	9.327000000000027	8.0	a	3	0	2.0
160.43200000000002	0.24600000000000002	7.6270000000000095	8.0	a	3	0	2.0
169.18200000000002	0.261	8.75	8.0	a	3	0	2.0
176.06	0.272	6.877999999999986	8.0	a	3	0	2.0
182.532	0.272	6.472000000000008	8.0	a	3	0	2.0
189.041	0.276	6.508999999999986	4.0	a	3	0	2.0
193.332	0.29600000000000004	4.290999999999997	4.0	a	3	0	2.0
197.65099999999998	0.265	4.318999999999988	4.0	a	3	0	3.0
201.574	0.33399999999999996	3.9230000000000302	4.0	a	3	0	3.0
204.81799999999998	0.298	3.2439999999999714	4.0	a	3	0	3.0
208.53400000000002	0.262	3.7160000000000366	4.0	a	3	0	3.0
212.111	0.327	3.5769999999999698	4.0	a	3	0	3.0
216.792	0.253	4.681000000000012	4.0	a	3	0	3.0
221.303	0.244	4.510999999999996	2.0	a	3	0	3.0
223.375	0.255	2.0720000000000027	2.0	a	3	0	3.0
225.33599999999998	0.22899999999999998	1.9609999999999843	2.0	a	3	0	4.0
227.615	0.205	2.279000000000025	2.0	a	3	0	4.0
229.343	0.254	1.7279999999999802	2.0	a	3	0	5.0
231.658	0.21	2.3149999999999977	2.0	a	3	0	5.0
234.00799999999998	0.214	2.3499999999999943	2.0	a	3	0	5.0
235.895	0.213	1.8870000000000289	2.0	a	3	0	5.0
9.573	0.294		8.0	v	3	lect	
16.297	0.259	6.724	8.0	v	3	lect	1.0
25.753	0.282	9.456	8.0	v	3	lect	2.0
32.185	0.267	6.432000000000002	8.0	v	3	lect	2.0
41.093	0.26899999999999996	8.908000000000001	8.0	v	3	lect	2.0
48.812	0.248	7.718999999999994	8.0	v	3	lect	2.0
55.725	0.26899999999999996	6.913000000000004	8.0	v	3	lect	2.0
63.027	0.281	7.302	8.0	v	3	lect	2.0
69.538	0.249	6.510999999999996	4.0	v	3	lect	2.0
72.96	0.364	3.421999999999997	4.0	v	3	lect	3.0
76.71600000000001	0.261	3.7560000000000144	4.0	v	3	lect	3.0
80.508	0.262	3.7919999999999874	4.0	v	3	lect	3.0
84.439	0.397	3.9309999999999974	4.0	v	3	lect	3.0
87.948	0.262	3.5090000000000003	4.0	v	3	lect	3.0
91.337	0.298	3.38900000000001	4.0	v	3	lect	3.0
95.105	0.307	3.7680000000000007	4.0	v	3	lect	3.0
99.617	0.344	4.5120000000000005	2.0	v	3	lect	3.0
101.99	0.27699999999999997	2.3729999999999905	2.0	v	3	lect	3.0
103.82700000000001	0.247	1.8370000000000175	2.0	v	3	lect	4.0
105.56200000000001	0.003	1.7349999999999994	2.0	v	3	lect	4.0
107.404	0.039	1.8419999999999845	2.0	v	3	lect	5.0
109.24	0.003	1.8359999999999985	2.0	v	3	lect	6.0
111.15299999999999	0.008	1.9129999999999967	2.0	v	3	lect	6.0
112.771	0.24	1.6180000000000092	2.0	v	3	lect	6.0
123.286	0.278	10.515	8.0	a	3	lect	1.0
129.79399999999998	0.225	6.507999999999981	8.0	a	3	lect	2.0
138.30700000000002	0.249	8.513000000000034	8.0	a	3	lect	2.0
145.645	0.24600000000000002	7.337999999999994	8.0	a	3	lect	2.0
155.06799999999998	0.23199999999999998	9.422999999999973	8.0	a	3	lect	2.0
163.134	0.245	8.066000000000003	8.0	a	3	lect	2.0
172.287	0.27699999999999997	9.15300000000002	8.0	a	3	lect	2.0
179.22400000000002	0.275	6.937000000000012	8.0	a	3	lect	2.0
185.734	0.261	6.509999999999991	4.0	a	3	lect	2.0
189.34	0.495	3.6059999999999945	4.0	a	3	lect	2.0
193.842	0.337	4.5020000000000095	4.0	a	3	lect	3.0
198.162	0.28800000000000003	4.319999999999993	4.0	a	3	lect	3.0
202.908	0.285	4.745999999999981	4.0	a	3	lect	3.0
207.16099999999997	0.249	4.252999999999986	4.0	a	3	lect	3.0
210.601	0.337	3.440000000000026	4.0	a	3	lect	3.0
213.918	0.275	3.3170000000000073	4.0	a	3	lect	3.0
218.425	0.23399999999999999	4.507000000000005	2.0	a	3	lect	3.0
220.739	0.297	2.313999999999993	2.0	a	3	lect	3.0
222.613	0.254	1.8739999999999952	2.0	a	3	lect	4.0
224.679	0.22	2.0660000000000025	2.0	a	3	lect	4.0
226.886	0.221	2.2069999999999936	2.0	a	3	lect	5.0
229.09599999999998	0.29100000000000004	2.2099999999999795	2.0	a	3	lect	5.0
231.063	0.26899999999999996	1.967000000000013	2.0	a	3	lect	5.0
233.261	0.318	2.1980000000000075	2.0	a	3	lect	5.0
9.601	0.32299999999999995		8.0	v	5	0	
18.063	0.301	8.461999999999998	8.0	v	5	0	1.0
26.236	0.348	8.173000000000002	8.0	v	5	0	2.0
33.33	0.325	7.093999999999998	8.0	v	5	0	2.0
41.244	0.315	7.9140000000000015	8.0	v	5	0	2.0
48.641999999999996	0.33399999999999996	7.397999999999996	8.0	v	5	0	2.0
55.993	0.32299999999999995	7.351000000000006	8.0	v	5	0	2.0
63.391000000000005	0.385	7.398000000000003	8.0	v	5	0	2.0
69.895	0.303	6.503999999999991	4.0	v	5	0	2.0
74.025	0.32799999999999996	4.13000000000001	4.0	v	5	0	2.0
77.316	0.3	3.290999999999997	4.0	v	5	0	3.0
82.056	0.299	4.739999999999995	4.0	v	5	0	3.0
86.12299999999999	0.316	4.066999999999993	4.0	v	5	0	3.0
90.85	0.318	4.727000000000004	4.0	v	5	0	3.0
94.262	0.309	3.412000000000006	4.0	v	5	0	3.0
98.09200000000001	0.312	3.8300000000000125	4.0	v	5	0	3.0
102.594	0.321	4.501999999999981	2.0	v	5	0	3.0
104.38799999999999	0.332	1.793999999999997	2.0	v	5	0	3.0
106.06700000000001	0.28800000000000003	1.6790000000000163	2.0	v	5	0	4.0
108.009	0.266	1.941999999999993	2.0	v	5	0	5.0
109.94	0.275	1.9309999999999974	2.0	v	5	0	5.0
111.705	0.254	1.7650000000000006	2.0	v	5	0	6.0
113.42200000000001	0.264	1.717000000000013	2.0	v	5	0	6.0
115.655		2.23299999999999	2.0	v	5	0	6.0
126.15799999999999	0.307	10.502999999999986	8.0	a	5	0	1.0
133.464	0.265	7.306000000000012	8.0	a	5	0	2.0
141.885	0.319	8.420999999999992	8.0	a	5	0	2.0
149.94	0.28800000000000003	8.055000000000007	8.0	a	5	0	2.0
158.04	0.298	8.099999999999994	8.0	a	5	0	2.0
165.045	0.371	7.0049999999999955	8.0	a	5	0	2.0
173.30900000000003	0.314	8.264000000000038	8.0	a	5	0	2.0
181.532	0.451	8.222999999999985	8.0	a	5	0	2.0
188.035	0.26899999999999996	6.502999999999986	4.0	a	5	0	2.0
192.738	0.449	4.703000000000003	4.0	a	5	0	2.0
196.421	0.32299999999999995	3.6829999999999927	4.0	a	5	0	3.0
199.935	0.414	3.51400000000001	4.0	a	5	0	3.0
204.05599999999998	0.302	4.120999999999981	4.0	a	5	0	3.0
207.296	0.42700000000000005	3.240000000000009	4.0	a	5	0	3.0
212.033	0.373	4.736999999999995	4.0	a	5	0	3.0
215.597	0.35100000000000003	3.5640000000000214	4.0	a	5	0	3.0
220.09900000000002	0.34600000000000003	4.5020000000000095	2.0	a	5	0	3.0
221.956	0.37	1.856999999999971	2.0	a	5	0	4.0
224.295	0.33	2.3389999999999986	2.0	a	5	0	4.0
226.642	0.303	2.3470000000000084	2.0	a	5	0	4.0
228.63099999999997	0.36700000000000005	1.988999999999976	2.0	a	5	0	5.0
230.796	0.326	2.1650000000000205	2.0	a	5	0	5.0
232.643	0.34299999999999997	1.8470000000000084	2.0	a	5	0	5.0
234.89	0.293	2.2469999999999857	2.0	a	5	0	5.0
9.619	0.368		8.0	v	5	lect	
17.887	0.282	8.268	8.0	v	5	lect	1.0
25.324	0.33799999999999997	7.437000000000001	8.0	v	5	lect	2.0
31.872	0.317	6.547999999999998	8.0	v	5	lect	2.0
38.898	0.309	7.026000000000003	8.0	v	5	lect	2.0
47.391000000000005	0.242	8.493000000000002	8.0	v	5	lect	2.0
55.891000000000005		8.5	8.0	v	5	lect	2.0
62.736000000000004	0.275	6.844999999999999	8.0	v	5	lect	2.0
69.241	0.29	6.5049999999999955	4.0	v	5	lect	2.0
73.873	0.386	4.632000000000005	4.0	v	5	lect	2.0
77.675	0.29100000000000004	3.8019999999999925	4.0	v	5	lect	3.0
82.256	0.342	4.581000000000003	4.0	v	5	lect	3.0
86.01799999999999	0.34	3.7619999999999862	4.0	v	5	lect	3.0
90.36	0.28	4.342000000000013	4.0	v	5	lect	3.0
94.38799999999999	0.317	4.027999999999992	4.0	v	5	lect	3.0
98.78200000000001	0.28600000000000003	4.39400000000002	4.0	v	5	lect	3.0
103.285	0.37200000000000005	4.502999999999986	2.0	v	5	lect	3.0
105.65799999999999	0.251	2.3729999999999905	2.0	v	5	lect	3.0
107.28399999999999	0.363	1.6260000000000048	2.0	v	5	lect	4.0
109.43299999999999	0.248	2.149000000000001	2.0	v	5	lect	4.0
111.74799999999999	0.337	2.3149999999999977	2.0	v	5	lect	5.0
114.118	0.294	2.3700000000000045	2.0	v	5	lect	5.0
115.958	0.303	1.8400000000000034	2.0	v	5	lect	5.0
117.579	0.314	1.6209999999999951	2.0	v	5	lect	5.0
128.083	0.37200000000000005	10.504000000000005	8.0	a	5	lect	1.0
136.135	0.327	8.051999999999992	8.0	a	5	lect	2.0
144.418	0.324	8.283000000000015	8.0	a	5	lect	2.0
153.792	0.308	9.373999999999995	8.0	a	5	lect	2.0
163.096	0.308	9.304000000000002	8.0	a	5	lect	2.0
170.46200000000002	0.306	7.366000000000014	8.0	a	5	lect	2.0
179.838	0.326	9.375999999999976	8.0	a	5	lect	2.0
189.41	0.315	9.572000000000003	8.0	a	5	lect	2.0
195.912	0.41	6.5020000000000095	4.0	a	5	lect	2.0
200.012	0.542	4.099999999999994	4.0	a	5	lect	2.0
204.558	0.304	4.545999999999992	4.0	a	5	lect	3.0
208.736	0.27899999999999997	4.177999999999997	4.0	a	5	lect	3.0
212.641	0.302	3.905000000000001	4.0	a	5	lect	3.0
216.50599999999997	0.278	3.8649999999999807	4.0	a	5	lect	3.0
220.43900000000002	0.31	3.9330000000000496	4.0	a	5	lect	3.0
225.178	0.36200000000000004	4.738999999999976	4.0	a	5	lect	3.0
229.68099999999998	0.349	4.502999999999986	2.0	a	5	lect	3.0
231.845	0.33299999999999996	2.1640000000000157	2.0	a	5	lect	3.0
233.8	0.284	1.9550000000000125	2.0	a	5	lect	4.0
235.49200000000002	0.28800000000000003	1.6920000000000073	2.0	a	5	lect	4.0
237.66400000000002	0.262	2.171999999999997	2.0	a	5	lect	5.0
239.601	0.314	1.9369999999999834	2.0	a	5	lect	6.0
241.25599999999997	0.271	1.6549999999999727	2.0	a	5	lect	6.0
242.94799999999998	0.302	1.6920000000000073	2.0	a	5	lect	6.0
9.56	0.429		8.0	v	6	0	
17.12	0.287	7.5600000000000005	8.0	v	6	0	1.0
24.230999999999998	0.307	7.110999999999997	8.0	v	6	0	2.0
32.052	0.295	7.8210000000000015	8.0	v	6	0	2.0
38.967	0.33899999999999997	6.914999999999999	8.0	v	6	0	2.0
46.122	0.32799999999999996	7.155000000000001	8.0	v	6	0	2.0
52.72	0.41100000000000003	6.597999999999999	8.0	v	6	0	2.0
60.461000000000006	0.27699999999999997	7.741000000000007	8.0	v	6	0	2.0
66.971	0.326	6.509999999999998	4.0	v	6	0	2.0
71.271	0.307	4.299999999999997	4.0	v	6	0	2.0
74.814	0.255	3.542999999999992	4.0	v	6	0	3.0
78.878	0.281	4.064000000000007	4.0	v	6	0	3.0
82.804	0.289	3.926000000000002	4.0	v	6	0	3.0
87.359	0.32	4.554999999999993	4.0	v	6	0	3.0
91.236	0.321	3.8770000000000095	4.0	v	6	0	3.0
94.59899999999999	0.305	3.3629999999999853	4.0	v	6	0	3.0
99.11200000000001		4.513000000000019	2.0	v	6	0	3.0
101.50200000000001	0.27399999999999997	2.3900000000000006	2.0	v	6	0	3.0
103.411		1.9089999999999918	2.0	v	6	0	4.0
105.77600000000001	0.27699999999999997	2.365000000000009	2.0	v	6	0	4.0
108.055		2.2789999999999964	2.0	v	6	0	5.0
109.795	0.261	1.7399999999999949	2.0	v	6	0	5.0
111.868	0.47700000000000004	2.0729999999999933	2.0	v	6	0	5.0
113.994	0.29600000000000004	2.1260000000000048	2.0	v	6	0	5.0
124.506	0.429	10.512	8.0	a	6	0	1.0
131.825	0.318	7.318999999999988	8.0	a	6	0	2.0
141.424	0.39899999999999997	9.599000000000018	8.0	a	6	0	2.0
148.517	0.284	7.092999999999989	8.0	a	6	0	2.0
156.308	0.35	7.790999999999997	8.0	a	6	0	2.0
164.074	0.23	7.7660000000000196	8.0	a	6	0	2.0
171.796	0.257	7.72199999999998	8.0	a	6	0	2.0
179.21400000000003	0.23800000000000002	7.418000000000035	8.0	a	6	0	2.0
185.72	0.384	6.505999999999972	4.0	a	6	0	2.0
190.021	0.396	4.300999999999988	4.0	a	6	0	2.0
194.248	0.228	4.227000000000004	4.0	a	6	0	3.0
198.96400000000003	0.191	4.716000000000037	4.0	a	6	0	3.0
202.732	0.289	3.7679999999999723	4.0	a	6	0	3.0
206.505	0.242	3.772999999999996	4.0	a	6	0	3.0
210.175	0.39399999999999996	3.670000000000016	4.0	a	6	0	3.0
214.748	0.20600000000000002	4.572999999999979	4.0	a	6	0	3.0
219.257	0.35600000000000004	4.5090000000000146	2.0	a	6	0	3.0
221.407	0.46399999999999997	2.1500000000000057	2.0	a	6	0	3.0
223.782	0.258	2.375	2.0	a	6	0	4.0
225.455	0.19699999999999998	1.6730000000000018	2.0	a	6	0	4.0
227.106	0.203	1.650999999999982	2.0	a	6	0	5.0
228.93099999999998	0.191	1.8249999999999886	2.0	a	6	0	6.0
231.331	0.268	2.4000000000000057	2.0	a	6	0	6.0
233.321	0.21600000000000003	1.990000000000009	2.0	a	6	0	6.0
9.67	0.27899999999999997		8.0	v	6	lect	
17.0	0.265	7.33	8.0	v	6	lect	1.0
23.826	0.289	6.8260000000000005	8.0	v	6	lect	2.0
30.673000000000002	0.297	6.847000000000001	8.0	v	6	lect	2.0
38.649	0.29	7.975999999999999	8.0	v	6	lect	2.0
47.604	0.28300000000000003	8.954999999999998	8.0	v	6	lect	2.0
54.648999999999994	0.337	7.044999999999995	8.0	v	6	lect	2.0
63.961000000000006	0.243	9.312000000000012	8.0	v	6	lect	2.0
70.471	0.336	6.509999999999998	4.0	v	6	lect	2.0
74.991	0.32299999999999995	4.519999999999996	4.0	v	6	lect	2.0
78.22399999999999	0.327	3.23299999999999	4.0	v	6	lect	3.0
81.887	0.258	3.663000000000011	4.0	v	6	lect	3.0
85.91	0.298	4.022999999999996	4.0	v	6	lect	3.0
90.40700000000001	0.28600000000000003	4.497000000000014	4.0	v	6	lect	3.0
93.61399999999999	0.449	3.2069999999999794	4.0	v	6	lect	3.0
97.56	0.266	3.946000000000012	4.0	v	6	lect	3.0
102.073	0.418	4.512999999999991	2.0	v	6	lect	3.0
103.94	0.364	1.8670000000000044	2.0	v	6	lect	3.0
106.13	0.247	2.1899999999999977	2.0	v	6	lect	4.0
108.25399999999999	0.27699999999999997	2.1239999999999952	2.0	v	6	lect	4.0
110.60700000000001	0.26899999999999996	2.353000000000023	2.0	v	6	lect	5.0
112.979	0.23800000000000002	2.3719999999999857	2.0	v	6	lect	5.0
114.991	0.28800000000000003	2.0120000000000005	2.0	v	6	lect	5.0
117.37100000000001	0.23600000000000002	2.3800000000000097	2.0	v	6	lect	5.0
127.88799999999999	0.442	10.516999999999982	8.0	a	6	lect	1.0
134.736	0.228	6.847999999999999	8.0	a	6	lect	2.0
143.637	0.27699999999999997	8.90100000000001	8.0	a	6	lect	2.0
150.47299999999998	0.228	6.835999999999984	8.0	a	6	lect	2.0
158.778	0.2	8.305000000000007	8.0	a	6	lect	2.0
167.602	0.307	8.824000000000012	8.0	a	6	lect	2.0
175.69799999999998	0.387	8.095999999999975	8.0	a	6	lect	2.0
182.72400000000002	0.27399999999999997	7.026000000000039	8.0	a	6	lect	2.0
189.235	0.34700000000000003	6.510999999999996	4.0	a	6	lect	2.0
192.959	0.308	3.7239999999999895	4.0	a	6	lect	2.0
197.22299999999998	0.29	4.263999999999982	4.0	a	6	lect	3.0
201.19	0.278	3.967000000000013	4.0	a	6	lect	3.0
205.688	0.33799999999999997	4.4979999999999905	4.0	a	6	lect	3.0
209.386	0.36700000000000005	3.6980000000000075	4.0	a	6	lect	3.0
212.67700000000002	0.45399999999999996	3.2910000000000252	4.0	a	6	lect	3.0
216.947	0.185	4.269999999999982	4.0	a	6	lect	3.0
221.458	0.41	4.510999999999996	2.0	a	6	lect	3.0
223.338	0.33	1.8799999999999955	2.0	a	6	lect	3.0
225.12900000000002	0.151	1.7910000000000252	2.0	a	6	lect	4.0
227.29	0.179	2.160999999999973	2.0	a	6	lect	4.0
229.375	0.22399999999999998	2.085000000000008	2.0	a	6	lect	5.0
231.52900000000002	0.258	2.154000000000025	2.0	a	6	lect	5.0
233.535	0.217	2.005999999999972	2.0	a	6	lect	5.0
235.84099999999998	0.23	2.305999999999983	2.0	a	6	lect	5.0
9.612	0.365		8.0	v	7	0	
16.222	0.314	6.610000000000001	8.0	v	7	0	1.0
23.551	0.32799999999999996	7.328999999999997	8.0	v	7	0	2.0
30.284000000000002	0.386	6.733000000000004	8.0	v	7	0	2.0
39.515	0.313	9.230999999999998	8.0	v	7	0	2.0
47.948	0.37200000000000005	8.433	8.0	v	7	0	2.0
56.403999999999996	0.369	8.455999999999996	8.0	v	7	0	2.0
62.963	0.36	6.559000000000005	8.0	v	7	0	2.0
69.48	0.507	6.517000000000003	4.0	v	7	0	2.0
73.753	0.392	4.272999999999996	4.0	v	7	0	2.0
78.082	0.37	4.3289999999999935	4.0	v	7	0	3.0
81.719	0.263	3.6370000000000005	4.0	v	7	0	3.0
85.544	0.379	3.825000000000003	4.0	v	7	0	3.0
89.48	0.261	3.936000000000007	4.0	v	7	0	3.0
93.47399999999999	0.53	3.9939999999999856	4.0	v	7	0	3.0
97.88	0.27699999999999997	4.406000000000006	4.0	v	7	0	3.0
102.395	0.536	4.515000000000001	2.0	v	7	0	3.0
104.044	0.33399999999999996	1.649000000000001	2.0	v	7	0	3.0
106.36399999999999		2.319999999999993	2.0	v	7	0	4.0
108.11200000000001	0.259	1.7480000000000189	2.0	v	7	0	4.0
110.29299999999999	0.231	2.180999999999983	2.0	v	7	0	5.0
112.61	0.263	2.3170000000000073	2.0	v	7	0	5.0
114.288	0.243	1.6779999999999973	2.0	v	7	0	5.0
116.25	0.257	1.9620000000000033	2.0	v	7	0	6.0
126.76100000000001	0.41200000000000003	10.51100000000001	8.0	a	7	0	1.0
133.984	0.439	7.222999999999999	8.0	a	7	0	2.0
141.668	0.48200000000000004	7.6839999999999975	8.0	a	7	0	2.0
148.123	0.457	6.454999999999984	8.0	a	7	0	2.0
157.4	0.376	9.277000000000015	8.0	a	7	0	2.0
165.875	0.546	8.474999999999994	8.0	a	7	0	2.0
173.135	0.292	7.259999999999991	8.0	a	7	0	2.0
182.56	0.462	9.425000000000011	8.0	a	7	0	2.0
189.072	0.45	6.5120000000000005	4.0	a	7	0	2.0
192.761	0.575	3.688999999999993	4.0	a	7	0	2.0
197.065	0.369	4.304000000000002	4.0	a	7	0	3.0
200.332	0.909	3.266999999999996	4.0	a	7	0	3.0
203.748	0.361	3.415999999999997	4.0	a	7	0	3.0
207.396	0.536	3.647999999999996	4.0	a	7	0	3.0
210.821	0.649	3.4250000000000114	4.0	a	7	0	3.0
214.148	0.444	3.326999999999998	4.0	a	7	0	3.0
218.66299999999998	0.706	4.514999999999986	2.0	a	7	0	3.0
220.322	0.38799999999999996	1.6590000000000202	2.0	a	7	0	4.0
222.283	0.461	1.9609999999999843	2.0	a	7	0	4.0
223.922	0.34600000000000003	1.63900000000001	2.0	a	7	0	5.0
225.68099999999998	0.58	1.7589999999999861	2.0	a	7	0	5.0
227.979	0.375	2.2980000000000302	2.0	a	7	0	6.0
229.84400000000002	0.32299999999999995	1.865000000000009	2.0	a	7	0	6.0
231.53	0.262	1.6859999999999786	2.0	a	7	0	6.0
9.62	0.461		8.0	v	7	lect	
16.163	0.387	6.543000000000001	8.0	v	7	lect	1.0
25.471999999999998	0.327	9.308999999999997	8.0	v	7	lect	2.0
33.614000000000004	0.413	8.142000000000007	8.0	v	7	lect	2.0
42.64	0.609	9.025999999999996	8.0	v	7	lect	2.0
50.288000000000004	0.33299999999999996	7.648000000000003	8.0	v	7	lect	2.0
57.728	0.301	7.439999999999998	8.0	v	7	lect	2.0
65.108	0.308	7.380000000000003	8.0	v	7	lect	2.0
71.62100000000001	0.302	6.513000000000005	4.0	v	7	lect	2.0
75.528	0.341	3.9069999999999965	4.0	v	7	lect	2.0
78.794	0.361	3.265999999999991	4.0	v	7	lect	3.0
82.196	0.314	3.402000000000001	4.0	v	7	lect	3.0
86.427	0.3	4.231000000000009	4.0	v	7	lect	3.0
91.03399999999999	0.354	4.606999999999985	4.0	v	7	lect	3.0
94.889	0.423	3.855000000000004	4.0	v	7	lect	3.0
98.206	0.34700000000000003	3.3170000000000073	4.0	v	7	lect	3.0
102.719	0.41600000000000004	4.512999999999991	2.0	v	7	lect	3.0
104.62	0.24	1.9010000000000105	2.0	v	7	lect	4.0
106.79899999999999	0.304	2.178999999999988	2.0	v	7	lect	4.0
108.65899999999999	0.39299999999999996	1.8599999999999994	2.0	v	7	lect	4.0
110.302	0.386	1.643000000000015	2.0	v	7	lect	5.0
111.949	0.28300000000000003	1.6469999999999914	2.0	v	7	lect	6.0
114.259	0.27	2.3100000000000023	2.0	v	7	lect	6.0
115.959	0.5720000000000001	1.7000000000000028	2.0	v	7	lect	6.0
126.47	0.374	10.510999999999996	8.0	a	7	lect	1.0
133.071	0.38799999999999996	6.600999999999999	8.0	a	7	lect	2.0
140.542	0.406	7.471000000000004	8.0	a	7	lect	2.0
149.808	0.436	9.265999999999991	8.0	a	7	lect	2.0
158.631	0.33399999999999996	8.823000000000008	8.0	a	7	lect	2.0
166.24	0.401	7.609000000000009	8.0	a	7	lect	2.0
175.608	0.474	9.367999999999995	8.0	a	7	lect	2.0
182.74200000000002	0.44	7.1340000000000146	8.0	a	7	lect	2.0
189.25599999999997	0.5529999999999999	6.513999999999953	4.0	a	7	lect	2.0
192.97400000000002	0.976	3.718000000000046	4.0	a	7	lect	2.0
196.622	0.47200000000000003	3.647999999999996	4.0	a	7	lect	3.0
199.83900000000003	0.4	3.217000000000013	4.0	a	7	lect	3.0
204.25	0.39899999999999997	4.410999999999973	4.0	a	7	lect	3.0
208.21400000000003	0.617	3.964000000000027	4.0	a	7	lect	3.0
212.394	0.495	4.179999999999978	4.0	a	7	lect	3.0
216.03099999999998	0.28	3.636999999999972	4.0	a	7	lect	3.0
220.53900000000002	0.37	4.508000000000038	2.0	a	7	lect	3.0
222.732		2.1929999999999836	2.0	a	7	lect	3.0
224.422	0.475	1.6899999999999977	2.0	a	7	lect	4.0
226.419		1.997000000000014	2.0	a	7	lect	4.0
228.50799999999998		2.08899999999997	2.0	a	7	lect	5.0
230.313		1.8050000000000068	2.0	a	7	lect	6.0
232.61599999999999	0.58	2.3029999999999973	2.0	a	7	lect	6.0
234.45		1.8340000000000032	2.0	a	7	lect	5.0
9.639	0.53		8.0	v	4	0	
16.813	0.529	7.1739999999999995	8.0	v	4	0	1.0
25.815	0.46	9.002000000000002	8.0	v	4	0	2.0
33.137	0.495	7.321999999999999	8.0	v	4	0	2.0
40.263000000000005	0.54	7.126000000000005	8.0	v	4	0	2.0
49.684	0.473	9.420999999999992	8.0	v	4	0	2.0
56.38	0.43799999999999994	6.696000000000005	8.0	v	4	0	2.0
65.37	0.597	8.990000000000002	8.0	v	4	0	2.0
71.87899999999999	0.508	6.508999999999986	4.0	v	4	0	2.0
75.493	0.483	3.6140000000000043	4.0	v	4	0	2.0
79.191	0.433	3.6980000000000075	4.0	v	4	0	3.0
83.367	0.37799999999999995	4.176000000000002	4.0	v	4	0	3.0
87.133	0.431	3.765999999999991	4.0	v	4	0	3.0
90.865	0.368	3.7319999999999993	4.0	v	4	0	3.0
94.59299999999999	0.429	3.7279999999999944	4.0	v	4	0	3.0
98.281	0.42100000000000004	3.6880000000000166	4.0	v	4	0	3.0
102.807	0.568	4.525999999999996	2.0	v	4	0	3.0
104.66799999999999		1.86099999999999	2.0	v	4	0	3.0
106.955	0.503	2.287000000000006	2.0	v	4	0	4.0
109.12299999999999	0.431	2.167999999999992	2.0	v	4	0	4.0
110.941	0.39	1.818000000000012	2.0	v	4	0	5.0
112.993	0.41600000000000004	2.0519999999999925	2.0	v	4	0	5.0
115.35	0.387	2.3569999999999993	2.0	v	4	0	5.0
117.25399999999999	0.35100000000000003	1.9039999999999964	2.0	v	4	0	5.0
127.779	0.5479999999999999	10.525000000000006	8.0	a	4	0	1.0
135.613	0.552	7.834000000000003	8.0	a	4	0	2.0
142.058	0.47200000000000003	6.444999999999993	8.0	a	4	0	2.0
151.207	0.585	9.149000000000001	8.0	a	4	0	2.0
158.509	0.525	7.3019999999999925	8.0	a	4	0	2.0
166.555	0.479	8.04600000000002	8.0	a	4	0	2.0
173.78099999999998	0.462	7.225999999999971	8.0	a	4	0	2.0
180.525	0.47	6.744000000000028	8.0	a	4	0	2.0
187.04	0.449	6.514999999999986	4.0	a	4	0	2.0
191.454	0.431	4.414000000000016	4.0	a	4	0	2.0
195.301	0.49200000000000005	3.84699999999998	4.0	a	4	0	3.0
199.628	0.457	4.326999999999998	4.0	a	4	0	3.0
203.72	0.465	4.092000000000013	4.0	a	4	0	3.0
207.303	0.461	3.5829999999999984	4.0	a	4	0	3.0
211.95	0.325	4.646999999999991	4.0	a	4	0	3.0
216.696	0.316	4.746000000000009	4.0	a	4	0	3.0
221.22099999999998	0.44299999999999995	4.524999999999977	2.0	a	4	0	3.0
222.954	0.44	1.7330000000000325	2.0	a	4	0	3.0
224.97799999999998	0.308	2.0239999999999725	2.0	a	4	0	4.0
226.87	0.483	1.8920000000000243	2.0	a	4	0	4.0
228.93	0.43700000000000006	2.0600000000000023	2.0	a	4	0	5.0
230.605	0.499	1.674999999999983	2.0	a	4	0	6.0
232.41400000000002	0.40700000000000003	1.809000000000026	2.0	a	4	0	6.0
234.25400000000002	0.456	1.8400000000000034	2.0	a	4	0	6.0
9.606	0.45799999999999996		8.0	v	4	lect	
16.509	0.45799999999999996	6.9030000000000005	8.0	v	4	lect	1.0
24.51	0.391	8.001000000000001	8.0	v	4	lect	2.0
31.855999999999998	0.452	7.3459999999999965	8.0	v	4	lect	2.0
41.158	0.514	9.302000000000003	8.0	v	4	lect	2.0
49.373999999999995	0.428	8.215999999999994	8.0	v	4	lect	2.0
56.736999999999995	0.444	7.3629999999999995	8.0	v	4	lect	2.0
64.531	0.419	7.794000000000011	8.0	v	4	lect	2.0
71.04	0.419	6.509	4.0	v	4	lect	2.0
75.473	0.387	4.432999999999993	4.0	v	4	lect	2.0
79.652	0.41700000000000004	4.179000000000002	4.0	v	4	lect	3.0
84.34700000000001	0.434	4.695000000000007	4.0	v	4	lect	3.0
88.865	0.444	4.5179999999999865	4.0	v	4	lect	3.0
93.618	0.397	4.753	4.0	v	4	lect	3.0
98.315	0.37799999999999995	4.697000000000003	4.0	v	4	lect	3.0
101.634	0.42100000000000004	3.3190000000000026	4.0	v	4	lect	3.0
106.148	0.439	4.513999999999996	2.0	v	4	lect	3.0
107.75399999999999	0.424	1.6059999999999945	2.0	v	4	lect	4.0
109.939	0.37200000000000005	2.1850000000000023	2.0	v	4	lect	4.0
111.904	0.374	1.9650000000000034	2.0	v	4	lect	4.0
113.546	0.389	1.6420000000000101	2.0	v	4	lect	5.0
115.89399999999999	0.384	2.3479999999999848	2.0	v	4	lect	6.0
117.68799999999999	0.389	1.793999999999997	2.0	v	4	lect	6.0
119.324	0.376	1.63600000000001	2.0	v	4	lect	6.0
129.832	0.575	10.507999999999996	8.0	a	4	lect	1.0
138.435	0.466	8.603000000000009	8.0	a	4	lect	2.0
147.32	0.55	8.884999999999991	8.0	a	4	lect	2.0
155.345	0.39799999999999996	8.025000000000006	8.0	a	4	lect	2.0
162.75	0.39799999999999996	7.405000000000001	8.0	a	4	lect	2.0
171.77900000000002	0.402	9.029000000000025	8.0	a	4	lect	2.0
178.799	0.408	7.019999999999982	8.0	a	4	lect	2.0
188.055	0.415	9.256	8.0	a	4	lect	2.0
194.56799999999998	0.331	6.512999999999977	4.0	a	4	lect	2.0
197.84	0.304	3.27200000000002	4.0	a	4	lect	3.0
202.305	0.647	4.465000000000003	4.0	a	4	lect	3.0
205.99400000000003	0.65	3.6890000000000214	4.0	a	4	lect	3.0
210.31900000000002	0.82	4.324999999999989	4.0	a	4	lect	3.0
213.935	0.6409999999999999	3.6159999999999854	4.0	a	4	lect	3.0
218.018	0.6559999999999999	4.082999999999998	4.0	a	4	lect	3.0
221.86900000000003	0.634	3.8510000000000275	4.0	a	4	lect	3.0
226.394	0.431	4.524999999999977	2.0	a	4	lect	3.0
228.657	0.35700000000000004	2.2630000000000052	2.0	a	4	lect	3.0
230.745	0.309	2.087999999999994	2.0	a	4	lect	4.0
232.766	0.293	2.0209999999999866	2.0	a	4	lect	4.0
235.12099999999998	0.284	2.3549999999999898	2.0	a	4	lect	5.0
236.96	0.369	1.839000000000027	2.0	a	4	lect	5.0
238.584	0.33	1.6239999999999952	2.0	a	4	lect	6.0
240.873	0.24100000000000002	2.2889999999999873	2.0	a	4	lect	5.0
9.557	0.384		8.0	v	8	0	
17.441	0.259	7.883999999999999	8.0	v	8	0	1.0
26.596999999999998	0.239	9.155999999999999	8.0	v	8	0	2.0
33.751999999999995	0.276	7.154999999999998	8.0	v	8	0	2.0
43.019	0.313	9.267000000000003	8.0	v	8	0	2.0
50.556000000000004	0.264	7.537000000000006	8.0	v	8	0	2.0
60.078	0.318	9.521999999999998	8.0	v	8	0	2.0
67.319	0.301	7.241	8.0	v	8	0	2.0
73.822	0.27699999999999997	6.503	4.0	v	8	0	2.0
77.947	0.257	4.125	4.0	v	8	0	2.0
82.405	0.263	4.457999999999998	4.0	v	8	0	3.0
86.29700000000001	0.226	3.89200000000001	4.0	v	8	0	3.0
90.82700000000001	0.225	4.530000000000001	4.0	v	8	0	3.0
95.175	0.245	4.347999999999985	4.0	v	8	0	3.0
98.55	0.254	3.375	4.0	v	8	0	3.0
103.03200000000001	0.068	4.4820000000000135	4.0	v	8	0	3.0
107.535	0.34	4.502999999999986	2.0	v	8	0	3.0
109.21	0.305	1.6749999999999972	2.0	v	8	0	3.0
111.60700000000001	0.245	2.39700000000002	2.0	v	8	0	4.0
113.766	0.222	2.158999999999992	2.0	v	8	0	4.0
115.704	0.268	1.9379999999999882	2.0	v	8	0	5.0
117.801	0.027000000000000003	2.0970000000000084	2.0	v	8	0	5.0
119.559	0.237	1.7579999999999956	2.0	v	8	0	5.0
121.78299999999999	0.22	2.2239999999999895	2.0	v	8	0	5.0
132.287	0.373	10.504000000000019	8.0	a	8	0	1.0
141.884	0.28	9.59699999999998	8.0	a	8	0	2.0
149.865	0.299	7.981000000000023	8.0	a	8	0	2.0
157.175	0.373	7.310000000000002	8.0	a	8	0	2.0
164.03	0.27	6.85499999999999	8.0	a	8	0	2.0
171.1	0.248	7.069999999999993	8.0	a	8	0	2.0
178.27700000000002	0.415	7.177000000000021	8.0	a	8	0	2.0
186.227	0.273	7.949999999999989	8.0	a	8	0	2.0
192.73	0.289	6.502999999999986	4.0	a	8	0	2.0
197.50900000000001	0.391	4.779000000000025	4.0	a	8	0	2.0
201.04	0.308	3.5309999999999775	4.0	a	8	0	3.0
205.18599999999998	0.242	4.145999999999987	4.0	a	8	0	3.0
209.386	0.21	4.200000000000017	4.0	a	8	0	3.0
212.601	0.23399999999999999	3.2150000000000034	4.0	a	8	0	3.0
216.451	0.217	3.8499999999999943	4.0	a	8	0	3.0
220.72799999999998	0.244	4.276999999999987	4.0	a	8	0	3.0
225.231	0.309	4.503000000000014	2.0	a	8	0	3.0
226.983	0.324	1.7520000000000095	2.0	a	8	0	3.0
228.965	0.254	1.9819999999999993	2.0	a	8	0	4.0
230.718	0.28600000000000003	1.752999999999986	2.0	a	8	0	5.0
232.96400000000003	0.312	2.2460000000000377	2.0	a	8	0	5.0
235.21099999999998	0.41700000000000004	2.2469999999999573	2.0	a	8	0	6.0
237.389	0.27899999999999997	2.1780000000000257	2.0	a	8	0	5.0
239.704	0.268	2.3149999999999977	2.0	a	8	0	5.0
9.558	0.226		8.0	v	8	lect	
17.115	0.252	7.556999999999999	8.0	v	8	lect	1.0
25.93		8.815000000000001	8.0	v	8	lect	2.0
35.227		9.296999999999997	8.0	v	8	lect	2.0
43.23	0.29600000000000004	8.003	8.0	v	8	lect	2.0
51.068999999999996	0.305	7.838999999999999	8.0	v	8	lect	2.0
58.792	0.39	7.723000000000006	8.0	v	8	lect	2.0
66.546	0.332	7.754000000000005	8.0	v	8	lect	2.0
73.05	0.317	6.503999999999991	4.0	v	8	lect	2.0
76.92699999999999	0.423	3.8769999999999953	4.0	v	8	lect	2.0
81.374	0.321	4.447000000000003	4.0	v	8	lect	3.0
85.853	0.354	4.478999999999999	4.0	v	8	lect	3.0
89.51	0.384	3.6570000000000107	4.0	v	8	lect	3.0
92.736		3.225999999999999	4.0	v	8	lect	3.0
97.396	0.29100000000000004	4.659999999999997	4.0	v	8	lect	3.0
101.74799999999999	0.34600000000000003	4.35199999999999	4.0	v	8	lect	3.0
106.251	0.419	4.503000000000014	2.0	v	8	lect	3.0
108.243	0.371	1.9919999999999902	2.0	v	8	lect	3.0
109.984		1.7409999999999997	2.0	v	8	lect	4.0
112.334	0.29600000000000004	2.3500000000000085	2.0	v	8	lect	4.0
114.64299999999999	0.316	2.3089999999999833	2.0	v	8	lect	5.0
116.56299999999999	0.284	1.9200000000000017	2.0	v	8	lect	5.0
118.86200000000001	0.273	2.299000000000021	2.0	v	8	lect	5.0
120.685	0.273	1.8229999999999933	2.0	v	8	lect	5.0
131.189	0.345	10.50399999999999	8.0	a	8	lect	1.0
140.572	0.25	9.38300000000001	8.0	a	8	lect	2.0
147.22799999999998	0.267	6.6559999999999775	8.0	a	8	lect	2.0
153.719	0.263	6.491000000000014	8.0	a	8	lect	2.0
161.878	0.256	8.158999999999992	8.0	a	8	lect	2.0
169.107	0.275	7.229000000000013	8.0	a	8	lect	2.0
175.54	0.243	6.432999999999993	8.0	a	8	lect	2.0
182.597	0.27399999999999997	7.057000000000016	8.0	a	8	lect	2.0
189.1	0.275	6.502999999999986	4.0	a	8	lect	2.0
192.52700000000002	0.335	3.427000000000021	4.0	a	8	lect	3.0
196.583	0.231	4.055999999999983	4.0	a	8	lect	3.0
200.012	0.266	3.429000000000002	4.0	a	8	lect	3.0
204.609	0.285	4.597000000000008	4.0	a	8	lect	3.0
208.285	0.266	3.6759999999999877	4.0	a	8	lect	3.0
211.65200000000002	0.371	3.3670000000000186	4.0	a	8	lect	3.0
215.808	0.24600000000000002	4.1559999999999775	4.0	a	8	lect	3.0
220.31099999999998	0.08	4.502999999999986	2.0	a	8	lect	3.0
222.03	0.281	1.7190000000000225	2.0	a	8	lect	3.0
224.03400000000002	0.253	2.004000000000019	2.0	a	8	lect	4.0
225.695	0.255	1.660999999999973	2.0	a	8	lect	5.0
227.918	0.272	2.223000000000013	2.0	a	8	lect	5.0
229.77200000000002	0.242	1.8540000000000134	2.0	a	8	lect	6.0
231.546	0.22	1.7739999999999725	2.0	a	8	lect	6.0
233.917	0.257	2.3710000000000093	2.0	a	8	lect	6.0
9.555	0.5329999999999999		8.0	v	9	0	
18.531	0.418	8.975999999999999	8.0	v	9	0	1.0
26.228	0.409	7.697000000000003	8.0	v	9	0	2.0
34.647	0.431	8.418999999999997	8.0	v	9	0	2.0
41.162	0.324	6.515000000000001	8.0	v	9	0	2.0
49.379	0.379	8.216999999999999	8.0	v	9	0	2.0
57.974	0.376	8.594999999999999	8.0	v	9	0	2.0
67.025	0.373	9.051000000000009	8.0	v	9	0	2.0
73.529	0.365	6.503999999999991	4.0	v	9	0	2.0
77.914	0.33899999999999997	4.385000000000005	4.0	v	9	0	2.0
81.146	0.315	3.2319999999999993	4.0	v	9	0	3.0
85.137	0.325	3.9909999999999997	4.0	v	9	0	3.0
89.711	0.375	4.573999999999998	4.0	v	9	0	3.0
94.493	0.32	4.7819999999999965	4.0	v	9	0	3.0
98.655	0.342	4.162000000000006	4.0	v	9	0	3.0
101.98899999999999	0.337	3.333999999999989	4.0	v	9	0	3.0
106.492	0.466	4.503000000000014	2.0	v	9	0	3.0
108.715	0.379	2.222999999999999	2.0	v	9	0	3.0
110.525	0.304	1.8100000000000023	2.0	v	9	0	4.0
112.26899999999999	0.304	1.7439999999999856	2.0	v	9	0	4.0
114.23899999999999	0.31	1.9699999999999989	2.0	v	9	0	5.0
116.585	0.332	2.3460000000000036	2.0	v	9	0	5.0
118.27600000000001	0.266	1.6910000000000167	2.0	v	9	0	6.0
120.665	0.301	2.388999999999996	2.0	v	9	0	5.0
131.16899999999998	0.413	10.503999999999976	8.0	a	9	0	1.0
138.732	0.298	7.563000000000017	8.0	a	9	0	2.0
147.366	0.312	8.634000000000015	8.0	a	9	0	2.0
154.839	0.36700000000000005	7.472999999999985	8.0	a	9	0	2.0
163.372	0.33	8.533000000000015	8.0	a	9	0	2.0
171.546	0.38	8.173999999999978	8.0	a	9	0	2.0
181.072	0.33299999999999996	9.52600000000001	8.0	a	9	0	2.0
189.834	0.35600000000000004	8.762	8.0	a	9	0	2.0
196.33700000000002	0.349	6.503000000000014	4.0	a	9	0	2.0
200.019	0.282	3.681999999999988	4.0	a	9	0	2.0
204.81799999999998	0.34	4.798999999999978	4.0	a	9	0	3.0
208.91099999999997	0.34299999999999997	4.092999999999989	4.0	a	9	0	3.0
212.977	0.3	4.066000000000031	4.0	a	9	0	3.0
217.642	0.35600000000000004	4.664999999999992	4.0	a	9	0	3.0
222.014	0.319	4.372000000000014	4.0	a	9	0	3.0
225.38299999999998	0.40700000000000003	3.3689999999999714	4.0	a	9	0	3.0
229.886	0.376	4.503000000000014	2.0	a	9	0	3.0
231.878	0.375	1.9919999999999902	2.0	a	9	0	4.0
233.521	0.301	1.6430000000000007	2.0	a	9	0	4.0
235.83900000000003	0.294	2.3180000000000405	2.0	a	9	0	4.0
237.64700000000002	0.31	1.8079999999999927	2.0	a	9	0	5.0
239.28400000000002	0.24100000000000002	1.6370000000000005	2.0	a	9	0	6.0
241.544		2.259999999999991	2.0	a	9	0	6.0
243.174	0.32	1.6299999999999955	2.0	a	9	0	6.0
9.551	0.353		8.0	v	9	lect	
16.014	0.392	6.462999999999999	8.0	v	9	lect	1.0
24.381	0.32899999999999996	8.367	8.0	v	9	lect	2.0
31.741	0.39299999999999996	7.359999999999999	8.0	v	9	lect	2.0
39.245	0.401	7.503999999999998	8.0	v	9	lect	2.0
48.461999999999996	0.368	9.216999999999999	8.0	v	9	lect	2.0
57.596000000000004	0.402	9.134000000000007	8.0	v	9	lect	2.0
67.066	0.47600000000000003	9.469999999999999	8.0	v	9	lect	2.0
73.571	0.387	6.5049999999999955	4.0	v	9	lect	2.0
78.32	0.446	4.748999999999995	4.0	v	9	lect	2.0
81.708	0.465	3.3880000000000052	4.0	v	9	lect	3.0
86.337	0.396	4.629000000000005	4.0	v	9	lect	3.0
90.14299999999999	0.335	3.805999999999983	4.0	v	9	lect	3.0
94.289	0.557	4.146000000000015	4.0	v	9	lect	3.0
98.074	0.324	3.7849999999999966	4.0	v	9	lect	3.0
102.281	0.33299999999999996	4.207000000000008	4.0	v	9	lect	3.0
106.78399999999999	0.494	4.502999999999986	2.0	v	9	lect	3.0
108.889	0.325	2.105000000000004	2.0	v	9	lect	3.0
110.697	0.33299999999999996	1.808000000000007	2.0	v	9	lect	4.0
112.787	0.363	2.0900000000000034	2.0	v	9	lect	4.0
114.986	0.324	2.198999999999998	2.0	v	9	lect	5.0
116.963	0.315	1.9769999999999897	2.0	v	9	lect	5.0
119.29700000000001	0.37200000000000005	2.3340000000000174	2.0	v	9	lect	5.0
121.46	0.313	2.1629999999999825	2.0	v	9	lect	5.0
131.964	0.442	10.504000000000005	8.0	a	9	lect	1.0
139.10399999999998	0.35700000000000004	7.139999999999986	8.0	a	9	lect	2.0
146.768	0.31	7.664000000000016	8.0	a	9	lect	2.0
156.201	0.40399999999999997	9.432999999999993	8.0	a	9	lect	2.0
165.345	0.325	9.144000000000005	8.0	a	9	lect	2.0
172.507	0.37799999999999995	7.162000000000006	8.0	a	9	lect	2.0
179.99599999999998	0.33799999999999997	7.488999999999976	8.0	a	9	lect	2.0
188.78400000000002	0.31	8.78800000000004	8.0	a	9	lect	2.0
195.287	0.28800000000000003	6.502999999999986	4.0	a	9	lect	2.0
199.158	0.32799999999999996	3.870999999999981	4.0	a	9	lect	2.0
202.59599999999998	0.37799999999999995	3.437999999999988	4.0	a	9	lect	3.0
205.97799999999998	0.348	3.382000000000005	4.0	a	9	lect	3.0
210.524	0.377	4.546000000000021	4.0	a	9	lect	3.0
213.739	0.331	3.2150000000000034	4.0	a	9	lect	3.0
217.815	0.319	4.075999999999993	4.0	a	9	lect	3.0
221.87599999999998	0.369	4.060999999999979	4.0	a	9	lect	3.0
226.37900000000002	0.34600000000000003	4.503000000000043	2.0	a	9	lect	3.0
228.429	0.4	2.049999999999983	2.0	a	9	lect	3.0
230.13099999999997	0.37799999999999995	1.7019999999999698	2.0	a	9	lect	4.0
232.453	0.361	2.322000000000031	2.0	a	9	lect	4.0
234.72400000000002	0.298	2.271000000000015	2.0	a	9	lect	5.0
236.662	0.304	1.9379999999999882	2.0	a	9	lect	5.0
239.017	0.309	2.3549999999999898	2.0	a	9	lect	5.0
240.979	0.29	1.9620000000000175	2.0	a	9	lect	5.0
